Dish Name,Category,Sub Category,Alternative names
Original,Desserts,Cheesecakes,"cheesecake, original cheesecake"
Fresh strawberry cheesecake,Desserts,Cheesecakes,strawberry cheesecake
Pineapple Upside-down cheesecake,Desserts,Cheesecakes,Pineapple cheesecake
 Oreo DREAM EXTREME CHEESECAKE,Desserts,Cheesecakes,"Oreo Cheescake, Oreo extreme cheesecake, oreo dream cheesecake"
VERY CHERRY GHIRARDELLI CHOCOLATE CHEESECAKE,Desserts,Cheesecakes,"cherry ghirardelli chocolate cheesecake,cherry ghirardelli cheesecake,ghirardelli chocolate cheesecake"
CINNABON CINNAMON SWIRL CHEESECAKE,Desserts,Cheesecakes,"CINNABON SWIRL CHEESECAKE,CINNABON SWIRL CHEESECAKE,SWIRL CHEESECAKE,CINNABON CINNAMON CHEESECAKE,CINNABON CHEESECAKE, CINNAMON CHEESECAKE"
REESE'S PEANUT BUTTER CHOCOLATE CAKE CHEESECAKE,Desserts,Cheesecakes,"PEANUT BUTTER CHOCOLATE CAKE CHEESECAKE, PEANUT BUTTER CHEESECAKE, PEANUT BUTTER CHOCOLATE CHEESECAKE"
CELEBRATION CHEESECAKE,Desserts,Cheesecakes,
CHOCOLATE HAZELNUT CRUNCH CHEESECAKE,Desserts,Cheesecakes,"CHOCOLATE HAZELNUT CRUNCH CHEESECAKE,CHOCOLATE HAZELNUT CHEESECAKE"
SALTED CARAMEL CHEESECAKE,Desserts,Cheesecakes,
TOASTED MARSHMALLOW S'MORES GALORE,Desserts,Cheesecakes,"TOASTED MARSHMALLOW S'MORES CHEESECAKE,TOASTED MARSHMALLOW CHEESECAKE"
LEMON MERINGUE CHEESECAKE,Desserts,Cheesecakes,
ADAM'S PEANUT BUTTER CUP FUDGE RIPPLE CHEESECAKE,Desserts,Cheesecakes,
GODIVA CHOCOLATE CHEESECAKE,Desserts,Cheesecakes,"GODIVA CHOCOLATE CHEESECAKE,GODIVA CHEESECAKE"
ULTIMATE RED VELVET CAKE CHEESECAKE,Desserts,Cheesecakes,"ULTIMATE RED VELVET CAKE CHEESECAKE,RED VELVET CAKE CHEESECAKE,RED VELVET CHEESECAKE"
DULCE DE LECHE CARAMEL CHEESECAKE,Desserts,Cheesecakes,
WHITE CHOCOLATE RASPBERRY TRUFFLE,Desserts,Cheesecakes,
MANGO KEY LIME CHEESECAKE,Desserts,Cheesecakes,
FRESH BANANA CREAM CHEESECAKE,Desserts,Cheesecakes,
WHITE CHOCOLATE CARAMEL MACADAMIA NUT CHEESECAKE,Desserts,Cheesecakes,
LEMON RASPBERRY CREAM CHEESECAKE,Desserts,Cheesecakes,
CHOCOLATE MOUSSE CHEESECAKE,Desserts,Cheesecakes,
CHOCOLATE TUXEDO CREAM CHEESECAKE,Desserts,Cheesecakes,
HERSHEY'S CHOCOLATE BAR CHEESECAKE,Desserts,Cheesecakes,
30TH ANNIVERSARY CHOCOLATE CAKE CHEESECAKE,Desserts,Cheesecakes,"CHOCOLATE CAKE CHEESECAKE,CHOCOLATE CHEESECAKE"
VANILLA BEAN CHEESECAKE,Desserts,Cheesecakes,
TIRAMISU CHEESECAKE,Desserts,Cheesecakes,
CHOCOLATE CHIP COOKIE - DOUGH CHEESECAKE,Desserts,Cheesecakes,
KEY LIME CHEESECAKE,Desserts,Cheesecakes,
LOW CARB CHEESECAKE,Desserts,Cheesecakes,
LOW CARB CHEESECAKE WITH STRAWBERRIES,Desserts,Cheesecakes,
CARAMEL PECAN TURTLE CHEESECAKE,Desserts,Cheesecakes,
PUMPKIN CHEESECAKE,Desserts,Cheesecakes,
PUMPKIN PECAN CHEESECAKE,Desserts,Cheesecakes,
PEPPERMINT BARK CHEESECAKE,Desserts,Cheesecakes,
LINDA'S FUDGE CAKE,Desserts,Speciality Desserts,"LINDA'S FUDGE CAKE,LINDA'S FUDGE CHEESECAKE, FUDGE CHEESECAKE"
BLACK-OUT CAKE,Desserts,Speciality Desserts,
CARROT CAKE,Desserts,Speciality Desserts,
WARM APPLE CRISP,Desserts,Speciality Desserts,
LEMONCELLO CREAM TORTE,Desserts,Speciality Desserts,
TIRAMISU,Desserts,Speciality Desserts,
CHOCOLATE TOWER TRUFFLE CAKE,Desserts,Speciality Desserts,
FRESH STRAWBERRY SHORTCAKE,Desserts,Speciality Desserts,
BOWL OF FRESH STRAWBERRIES,Desserts,Speciality Desserts,FRESH STRAWBERRIES
HOT FUDGE SUNDAE,Desserts,Ice cream delights,
GODIVA CHOCOLATE BROWNIE SUNDAE,Desserts,Ice cream delights,
BOWL OF ICE CREAM,Desserts,Ice cream delights,ICE CREAM BOWL
LITTLE HOUSE SALAD,SMALL PLATES & SNACKS & APPETIZERS,SMALL PLATES & SNACKS,
GREEK SALAD,SMALL PLATES & SNACKS & APPETIZERS,SMALL PLATES & SNACKS,
CHICKEN TAQUITOS,SMALL PLATES & SNACKS & APPETIZERS,SMALL PLATES & SNACKS,
“NASHVILLE HOT” CHICKEN NUGGETS,SMALL PLATES & SNACKS & APPETIZERS,SMALL PLATES & SNACKS,"NASHVILLE HOT CHICKEN NUGGETS, HOT CHICKEN NUGGETS,CHICKEN NUGGETS"
KOREAN FRIED CAULIFLOWER,SMALL PLATES & SNACKS & APPETIZERS,SMALL PLATES & SNACKS,FRIED CAULIFLOWER
STUFFED MUSHROOMS,SMALL PLATES & SNACKS & APPETIZERS,SMALL PLATES & SNACKS,
CRISPY BRUSSELS SPROUTS,SMALL PLATES & SNACKS & APPETIZERS,SMALL PLATES & SNACKS,
LOADED BAKED POTATO TOTS,SMALL PLATES & SNACKS & APPETIZERS,SMALL PLATES & SNACKS,BAKED POTATO TOTS
BEET AND AVOCADO SALAD,SMALL PLATES & SNACKS & APPETIZERS,SMALL PLATES & SNACKS,
CHEESEBURGER SPRING ROLLS,SMALL PLATES & SNACKS & APPETIZERS,SMALL PLATES & SNACKS,
CHICKEN SAMOSAS,SMALL PLATES & SNACKS & APPETIZERS,SMALL PLATES & SNACKS,
FRIED ZUCCHINI,SMALL PLATES & SNACKS & APPETIZERS,SMALL PLATES & SNACKS,
CRISPY FRIED CHEESE,SMALL PLATES & SNACKS & APPETIZERS,SMALL PLATES & SNACKS,
EDAMAME,SMALL PLATES & SNACKS & APPETIZERS,SMALL PLATES & SNACKS,
DYNAMITE SHRIMP,SMALL PLATES & SNACKS & APPETIZERS,SMALL PLATES & SNACKS,
CRISPY CRAB BITES,SMALL PLATES & SNACKS & APPETIZERS,SMALL PLATES & SNACKS,
ROADSIDE SLIDERS,SMALL PLATES & SNACKS & APPETIZERS,APPETIZERS,
HUMMUS,SMALL PLATES & SNACKS & APPETIZERS,APPETIZERS,
AVOCADO EGGROLLS,SMALL PLATES & SNACKS & APPETIZERS,APPETIZERS,
PRETZEL BITES WITH CHEDDAR CHEESE FONDUE,SMALL PLATES & SNACKS & APPETIZERS,APPETIZERS,PRETZEL BITES
CHICKEN POT STICKERS,SMALL PLATES & SNACKS & APPETIZERS,APPETIZERS,POT STICKERS
QUESADILLA,SMALL PLATES & SNACKS & APPETIZERS,APPETIZERS,
FRIED MACARONI AND CHEESE,SMALL PLATES & SNACKS & APPETIZERS,APPETIZERS,"FRIED MAC AND CHEESE,MACARONI AND CHEESE,FRIED MAC AND CHEESE"
SOUTHERN FRIED CHICKEN SLIDERS,SMALL PLATES & SNACKS & APPETIZERS,APPETIZERS,FRIED CHICKEN SLIDERS
HOT SPINACH AND CHEESE DIP,SMALL PLATES & SNACKS & APPETIZERS,APPETIZERS,SPINACH AND CHEESE DIP
TEX MEX EGGROLLS,SMALL PLATES & SNACKS & APPETIZERS,APPETIZERS,
FRIED CALAMARI,SMALL PLATES & SNACKS & APPETIZERS,APPETIZERS,
BUFFALO BLASTS,SMALL PLATES & SNACKS & APPETIZERS,APPETIZERS,
SWEET CORN TAMALE CAKES,SMALL PLATES & SNACKS & APPETIZERS,APPETIZERS,
EGGROLL SAMPLER,SMALL PLATES & SNACKS & APPETIZERS,APPETIZERS,
THAI LETTUCE WRAPS,SMALL PLATES & SNACKS & APPETIZERS,APPETIZERS,
SOUP OF THE DAY,SMALL PLATES & SNACKS & APPETIZERS,APPETIZERS,"CREAM OF CHICKEN SOUP, CARAMELIZED ONION SOUP, SPICY TORTILLA SOUP, WILD MUSHROOM, MEXICAN CHICKEN AND VEGETABLE SOUP, CLAM CHOWDER,BAKED POTATO SOUP"
PORK BELLY SLIDERS,SMALL PLATES & SNACKS & APPETIZERS,APPETIZERS,
FIRE-ROASTED FRESH ARTICHOKE,SMALL PLATES & SNACKS & APPETIZERS,APPETIZERS,ARTICHOKE
FACTORY NACHOS,SMALL PLATES & SNACKS & APPETIZERS,APPETIZERS,NACHOS
WARM CRAB & ARTICHOKE DIP,SMALL PLATES & SNACKS & APPETIZERS,APPETIZERS,"CRAB & ARTICHOKE DIP, CRAB ARTICHOKE DIP"
GUACAMOLE AND CHIPS,SMALL PLATES & SNACKS & APPETIZERS,APPETIZERS,
BUFFALO WINGS,SMALL PLATES & SNACKS & APPETIZERS,APPETIZERS,WINGS
TOSSED GREEN SALAD,SALADS,APPETIZER SALADS,
CAESAR SALAD,SALADS,APPETIZER SALADS,
BRUSSELS SPROUTS AND KALE SALAD,SALADS,APPETIZER SALADS,
FRENCH COUNTRY SALAD,SALADS,APPETIZER SALADS,
FACTORY CHOPPED SALAD,SALADS,APPETIZER SALADS,
CAESAR SALAD,SALADS,SALADS,
SHEILA'S CHICKEN AND AVOCADO SALAD,SALADS,SALADS,
CHINESE CHICKEN SALAD,SALADS,SALADS,
"CHICKEN, MANGO AND AVOCADO SALAD",SALADS,SALADS,
BARBEQUE RANCH CHICKEN SALAD,SALADS,SALADS,
SANTA FE SALAD,SALADS,SALADS,
COBB SALAD,SALADS,SALADS,
AVOCADO TOAST,"""SUPER"" FOODS","""SUPER"" FOODS",
CALIFORNIA GUACAMOLE SALAD,"""SUPER"" FOODS","""SUPER"" FOODS",GUACAMOLE SALAD
WELLNESS SALAD,"""SUPER"" FOODS","""SUPER"" FOODS",
VEGAN COBB SALAD,"""SUPER"" FOODS","""SUPER"" FOODS",
ALMOND-CRUSTED SALMON SALAD,"""SUPER"" FOODS","""SUPER"" FOODS",
CHEESE FLATBREAD PIZZA,FLATBREAD PIZZAS,FLATBREAD PIZZAS,CHEESE PIZZA
MARGHERITA FLATBREAD PIZZA,FLATBREAD PIZZAS,FLATBREAD PIZZAS,MARGHERITA PIZZA
PEPPERONI FLATBREAD PIZZA,FLATBREAD PIZZAS,FLATBREAD PIZZAS,PEPPERONI PIZZA
"FRESH BASIL, TOMATO AND CHEESE FLATBREAD PIZZA",FLATBREAD PIZZAS,FLATBREAD PIZZAS,"FRESH BASIL, TOMATO AND CHEESE PIZZA"
THE EVERYTHING FLATBREAD PIZZA,FLATBREAD PIZZAS,FLATBREAD PIZZAS,"THE EVERYTHING PIZZA,EVERYTHING PIZZA"
PROSCIUTTO AND ARUGULA FLATBREAD PIZZA,FLATBREAD PIZZAS,FLATBREAD PIZZAS,PROSCIUTTO AND ARUGULA PIZZA
ROASTED MUSHROOMS FLATBREAD PIZZA,FLATBREAD PIZZAS,FLATBREAD PIZZAS,ROASTED MUSHROOMS PIZZA
RENEE'S SPECIAL,LUNCH SPECIALS,LUNCH SPECIALS,
LUNCH SALADS,LUNCH SPECIALS,LUNCH SPECIALS,"Choose from Our Selection of Lunch Sized Salads: Cobb, Chinese Chicken, Santa Fe, Barbeque Ranch Chicken Salad, Sheila's Chicken and Avocado Salad or Chicken, Mango and Avocado Salad."
LUNCH CHICKEN SPECIALS,LUNCH SPECIALS,LUNCH SPECIALS,"Your Choice of: Crusted Chicken Romano, Chicken Piccata or Orange Chicken."
LUNCH SOUP AND SALAD,LUNCH SPECIALS,LUNCH SPECIALS,
LUNCH FLATBREAD PIZZAS AND SALAD,LUNCH SPECIALS,LUNCH SPECIALS,
LUNCH PASTA,LUNCH SPECIALS,LUNCH SPECIALS,"Choose from Our Selection of Lunch Sized Pastas: Fettuccini Alfredo, Four Cheese, Pasta Carbonara, Spaghetti and Meatballs, Pasta da Vinci, Louisiana Chicken or Spicy Chicken Chipotle, Pasta Campagna or Evelyn’s Favorite,"
LUNCH FAVORITES,LUNCH SPECIALS,LUNCH SPECIALS,"A Smaller Portion of Some of Your Favorites. Your Choice of: Famous Factory Meatloaf, Shepherd's Pie or Fish & Chips."
LUNCH SALMON,LUNCH SPECIALS,LUNCH SPECIALS,"Your Choice of: Herb Crusted Filet of Salmon, Miso Salmon, or Fresh Grilled Salmon"
OLD FASHIONED BURGER,GLAMBURGERS & SANDWICHES,GLAMBURGERS & SANDWICHES,
STUFFED CHEDDAR BURGER,GLAMBURGERS & SANDWICHES,GLAMBURGERS & SANDWICHES,
CLASSIC BURGER,GLAMBURGERS & SANDWICHES,GLAMBURGERS & SANDWICHES,HAMBURGER
SMOKEHOUSE B.B.Q. BURGER,GLAMBURGERS & SANDWICHES,GLAMBURGERS & SANDWICHES,"SMOKEHOUSE BBQ BURGER,BBQ BURGER"
MUSHROOM BURGER,GLAMBURGERS & SANDWICHES,GLAMBURGERS & SANDWICHES,
AMERICANA CHEESEBURGER,GLAMBURGERS & SANDWICHES,GLAMBURGERS & SANDWICHES,CHEESEBURGER
MACARONI AND CHEESE BURGER,GLAMBURGERS & SANDWICHES,GLAMBURGERS & SANDWICHES,
BACON-BACON CHEESEBURGER,GLAMBURGERS & SANDWICHES,GLAMBURGERS & SANDWICHES,BACON CHEESEBURGER
SPICY CRISPY CHICKEN SANDWICH,GLAMBURGERS & SANDWICHES,GLAMBURGERS & SANDWICHES,CRISPY CHICKEN SANDWICH
GRILLED TURKEY BURGER,GLAMBURGERS & SANDWICHES,GLAMBURGERS & SANDWICHES,TURKEY BURGER
VEGGIE BURGER,GLAMBURGERS & SANDWICHES,GLAMBURGERS & SANDWICHES,VEG BURGER
IMPOSSIBLE BURGER,GLAMBURGERS & SANDWICHES,GLAMBURGERS & SANDWICHES,
RENEE'S SPECIAL,GLAMBURGERS & SANDWICHES,GLAMBURGERS & SANDWICHES,
CHICKEN SALAD SANDWICH,GLAMBURGERS & SANDWICHES,GLAMBURGERS & SANDWICHES,
THE CLUB,GLAMBURGERS & SANDWICHES,GLAMBURGERS & SANDWICHES,"THE CLUB SANDWICH, CLUB SANDWICH"
GRILLED CHICKEN AND AVOCADO CLUB,GLAMBURGERS & SANDWICHES,GLAMBURGERS & SANDWICHES,GRILLED CHICKEN AND AVOCADO CLUB SANDWICH
CUBAN SANDWICH,GLAMBURGERS & SANDWICHES,GLAMBURGERS & SANDWICHES,
SOUTHWEST CHICKEN SANDWICH,GLAMBURGERS & SANDWICHES,GLAMBURGERS & SANDWICHES,
CHICKEN PARMESAN SANDWICH,GLAMBURGERS & SANDWICHES,GLAMBURGERS & SANDWICHES,
CALIFORNIA CHEESESTEAK,GLAMBURGERS & SANDWICHES,GLAMBURGERS & SANDWICHES,
CRISPY FRIED CHICKEN SANDWICH,GLAMBURGERS & SANDWICHES,GLAMBURGERS & SANDWICHES,
THANKSGIVING TURKEY SANDWICH,GLAMBURGERS & SANDWICHES,GLAMBURGERS & SANDWICHES,
LASAGNA VERDE,PASTAS,PASTAS,
PASTA NAPOLETANA,PASTAS,PASTAS,
TOMATO BASIL PASTA,PASTAS,PASTAS,
FETTUCCINI ALFREDO,PASTAS,PASTAS,
PASTA CARBONARA,PASTAS,PASTAS,
FOUR CHEESE PASTA,PASTAS,PASTAS,
SPAGHETTI AND MEATBALLS,PASTAS,PASTAS,SPAGHETTI AND MEATBALLS PASTA
EVELYN'S FAVORITE PASTA,PASTAS,PASTAS,
PASTA CAMPAGNA,PASTAS,PASTAS,
LOUISIANA CHICKEN PASTA,PASTAS,PASTAS,
PASTA DA VINCI,PASTAS,PASTAS,
FARFALLE WITH CHICKEN AND ROASTED GARLIC,PASTAS,PASTAS,
SPICY CHICKEN CHIPOTLE PASTA,PASTAS,PASTAS,
BISTRO SHRIMP PASTA,PASTAS,PASTAS,
SHRIMP WITH ANGEL HAIR,PASTAS,PASTAS,
CAJUN JAMBALAYA PASTA,PASTAS,PASTAS,
CARNE ASADA STEAK,"STEAKS, CHOPS, FISH & SEAFOOD","STEAKS, CHOPS, FISH & SEAFOOD",
CHARGRILLED BONE-IN NEW YORK STEAK,"STEAKS, CHOPS, FISH & SEAFOOD","STEAKS, CHOPS, FISH & SEAFOOD","CHARGRILLED NEW YORK STEAK, BONE-IN NEW YORK STEAK,NEW YORK STEAK"
GRILLED PORK CHOP,"STEAKS, CHOPS, FISH & SEAFOOD","STEAKS, CHOPS, FISH & SEAFOOD",
STEAK DIANE,"STEAKS, CHOPS, FISH & SEAFOOD","STEAKS, CHOPS, FISH & SEAFOOD",
HIBACHI STEAK,"STEAKS, CHOPS, FISH & SEAFOOD","STEAKS, CHOPS, FISH & SEAFOOD",
GRILLED RIB-EYE STEAK,"STEAKS, CHOPS, FISH & SEAFOOD","STEAKS, CHOPS, FISH & SEAFOOD",
FILET MIGNON,"STEAKS, CHOPS, FISH & SEAFOOD","STEAKS, CHOPS, FISH & SEAFOOD",
FISH AND CHIPS,"STEAKS, CHOPS, FISH & SEAFOOD","STEAKS, CHOPS, FISH & SEAFOOD",
FRIED SHRIMP PLATTER,"STEAKS, CHOPS, FISH & SEAFOOD","STEAKS, CHOPS, FISH & SEAFOOD",
SHRIMP AND CHICKEN GUMBO,"STEAKS, CHOPS, FISH & SEAFOOD","STEAKS, CHOPS, FISH & SEAFOOD",
SHRIMP SCAMPI,"STEAKS, CHOPS, FISH & SEAFOOD","STEAKS, CHOPS, FISH & SEAFOOD",
JAMAICAN BLACK PEPPER SHRIMP,"STEAKS, CHOPS, FISH & SEAFOOD","STEAKS, CHOPS, FISH & SEAFOOD",
PAN SEARED BRANZINO WITH LEMON BUTTER,"STEAKS, CHOPS, FISH & SEAFOOD","STEAKS, CHOPS, FISH & SEAFOOD",
FRESH GRILLED SALMON,"STEAKS, CHOPS, FISH & SEAFOOD","STEAKS, CHOPS, FISH & SEAFOOD",
HERB CRUSTED FILET OF SALMON,"STEAKS, CHOPS, FISH & SEAFOOD","STEAKS, CHOPS, FISH & SEAFOOD",
MISO SALMON,"STEAKS, CHOPS, FISH & SEAFOOD","STEAKS, CHOPS, FISH & SEAFOOD",
FACTORY COMBINATIONS,"STEAKS, CHOPS, FISH & SEAFOOD","STEAKS, CHOPS, FISH & SEAFOOD","Chicken Madeira, Steak Diane, Herb Crusted Salmon and Shrimp Scampi, Mashed Potatoes"
THAI COCONUT-LIME CHICKEN,SPECIALTIES,SPECIALTIES,
CRISPY PINEAPPLE CHICKEN AND SHRIMP,SPECIALTIES,SPECIALTIES,
CHICKEN RIESLING,SPECIALTIES,SPECIALTIES,
TRUFFLE-HONEY CHICKEN,SPECIALTIES,SPECIALTIES,
CHICKEN PARMESAN “PIZZA STYLE”,SPECIALTIES,SPECIALTIES,
WHITE CHICKEN CHILI,SPECIALTIES,SPECIALTIES,
CHICKEN ENCHILADAS,SPECIALTIES,SPECIALTIES,
SHEPHERD'S PIE,SPECIALTIES,SPECIALTIES,
BAJA CHICKEN TACOS,SPECIALTIES,SPECIALTIES,
FISH TACOS,SPECIALTIES,SPECIALTIES,
GRILLED STEAK TACOS,SPECIALTIES,SPECIALTIES,
FACTORY BURRITO GRANDE,SPECIALTIES,SPECIALTIES,
TUNA POKE,SPECIALTIES,SPECIALTIES,
FAMOUS FACTORY MEATLOAF,SPECIALTIES,SPECIALTIES,
MEDITERRANEAN GRILLED CHICKEN,SPECIALTIES,SPECIALTIES,
CHICKEN MADEIRA,SPECIALTIES,SPECIALTIES,
BRICK CHICKEN,SPECIALTIES,SPECIALTIES,
CHICKEN BELLAGIO,SPECIALTIES,SPECIALTIES,
CHICKEN AND BISCUITS,SPECIALTIES,SPECIALTIES,
CRUSTED CHICKEN ROMANO,SPECIALTIES,SPECIALTIES,
ORANGE CHICKEN,SPECIALTIES,SPECIALTIES,
PARMESAN-HERB CRUSTED CHICKEN,SPECIALTIES,SPECIALTIES,
CRISPY CHICKEN COSTOLETTA,SPECIALTIES,SPECIALTIES,
CHICKEN PICCATA,SPECIALTIES,SPECIALTIES,
SPICY CASHEW CHICKEN,SPECIALTIES,SPECIALTIES,
TERIYAKI CHICKEN,SPECIALTIES,SPECIALTIES,
CHICKEN MARSALA AND MUSHROOMS,SPECIALTIES,SPECIALTIES,CHICKEN MARSALA
BANG - BANG CHICKEN AND SHRIMP,SPECIALTIES,SPECIALTIES,BANG - BANG CHICKEN
SIDE DISHES,SPECIALTIES,SPECIALTIES,"French Fries, Green Beans, Sweet Potato Fries, Corn Succotash, Mashed Potatoes, Sautéed Spinach, Broccoli, Grilled Asparagus,Macaroni & Cheese."
GREEK SALAD,SKINNYLICIOUS,SMALL PLATES & APPETIZERS,
BEET AND AVOCADO SALAD,SKINNYLICIOUS,SMALL PLATES & APPETIZERS,
LITTLE HOUSE SALAD,SKINNYLICIOUS,SMALL PLATES & APPETIZERS,
EDAMAME,SKINNYLICIOUS,SMALL PLATES & APPETIZERS,
CHICKEN TAQUITOS,SKINNYLICIOUS,SMALL PLATES & APPETIZERS,
CHICKEN SAMOSAS,SKINNYLICIOUS,SMALL PLATES & APPETIZERS,
SKINNYLICIOUS GRILLED ARTICHOKE,SKINNYLICIOUS,SMALL PLATES & APPETIZERS,
CRISPY CRAB BITES,SKINNYLICIOUS,SMALL PLATES & APPETIZERS,
CHICKEN LETTUCE WRAP TACOS,SKINNYLICIOUS,SMALL PLATES & APPETIZERS,
CHICKEN POT STICKERS,SKINNYLICIOUS,SMALL PLATES & APPETIZERS,
AHI TARTARE,SKINNYLICIOUS,SMALL PLATES & APPETIZERS,
SKINNYLICIOUS FACTORY CHOPPED SALAD,SKINNYLICIOUS,SALADS,
SKINNYLICIOUS ASIAN CHICKEN SALAD,SKINNYLICIOUS,SALADS,
MEXICAN TORTILLA SALAD,SKINNYLICIOUS,SALADS,
SEARED TUNA TATAKI SALAD,SKINNYLICIOUS,SALADS,
TOSSED GREEN SALAD,SKINNYLICIOUS,SALADS,
FRENCH COUNTRY SALAD,SKINNYLICIOUS,SALADS,
SKINNYLICIOUS CAESAR SALAD,SKINNYLICIOUS,SALADS,
SKINNYLICIOUS HAMBURGER,SKINNYLICIOUS,SPECIALTIES,
SKINNYLICIOUS VEGGIE BURGER,SKINNYLICIOUS,SPECIALTIES,
SKINNYLICIOUS GRILLED TURKEY BURGER,SKINNYLICIOUS,SPECIALTIES,
SKINNYLICIOUS CHICKEN SALAD SANDWICH,SKINNYLICIOUS,SPECIALTIES,
SKINNYLICIOUS TURKEY & AVOCADO SANDWICH,SKINNYLICIOUS,SPECIALTIES,
SKINNYLICIOUS SOFT TACOS,SKINNYLICIOUS,SPECIALTIES,
SKINNYLICIOUS CHICKEN PASTA,SKINNYLICIOUS,SPECIALTIES,
SKINNYLICIOUS CHICKEN POT PIE,SKINNYLICIOUS,SPECIALTIES,
WHITE CHICKEN CHILI,SKINNYLICIOUS,SPECIALTIES,
SKINNYLICIOUS CHICKEN ENCHILADAS,SKINNYLICIOUS,SPECIALTIES,
TUSCAN CHICKEN,SKINNYLICIOUS,SPECIALTIES,
LEMON-GARLIC SHRIMP,SKINNYLICIOUS,SPECIALTIES,
CREOLE SHRIMP & ANDOUILLE SAUSAGE,SKINNYLICIOUS,SPECIALTIES,
SKINNYLICIOUS GRILLED SALMON,SKINNYLICIOUS,SPECIALTIES,
GRILLED STEAK MEDALLIONS,SKINNYLICIOUS,SPECIALTIES,
GRILLED BRANZINO WITH MEDITERRANEAN SALSA,SKINNYLICIOUS,SPECIALTIES,
SKINNY LONG ISLAND ICED TEA,SKINNYLICIOUS,COCKTAILS,
SKINNY RED SANGRIA,SKINNYLICIOUS,COCKTAILS,
SKINNY MARGARITA,SKINNYLICIOUS,COCKTAILS,
SKINNY MOJITO,SKINNYLICIOUS,COCKTAILS,
SKINNY COSMOPOLITAN,SKINNYLICIOUS,COCKTAILS,
FARM FRESH EGGS,EGGS & OMELETTES & SATURDAY & SUNDAY BRUNCH,EGGS & OMELETTES,
FACTORY HUEVOS RANCHEROS,EGGS & OMELETTES & SATURDAY & SUNDAY BRUNCH,EGGS & OMELETTES,
BRIOCHE BREAKFAST SANDWICH,EGGS & OMELETTES & SATURDAY & SUNDAY BRUNCH,EGGS & OMELETTES,
FACTORY CREATE AN OMELETTE,EGGS & OMELETTES & SATURDAY & SUNDAY BRUNCH,EGGS & OMELETTES,
BREAKFAST TACOS,EGGS & OMELETTES & SATURDAY & SUNDAY BRUNCH,EGGS & OMELETTES,
CALIFORNIA OMELETTE,EGGS & OMELETTES & SATURDAY & SUNDAY BRUNCH,EGGS & OMELETTES,
"SPINACH, MUSHROOM, BACON AND CHEESE OMELETTE",EGGS & OMELETTES & SATURDAY & SUNDAY BRUNCH,EGGS & OMELETTES,
BREAKFAST BURRITO,EGGS & OMELETTES & SATURDAY & SUNDAY BRUNCH,EGGS & OMELETTES,
BRUNCH COMBO,EGGS & OMELETTES & SATURDAY & SUNDAY BRUNCH,SATURDAY & SUNDAY BRUNCH,
BRULÉED FRENCH TOAST,EGGS & OMELETTES & SATURDAY & SUNDAY BRUNCH,SATURDAY & SUNDAY BRUNCH,
EGGS BENEDICT WITH CANADIAN BACON AND HOLLANDAISE,EGGS & OMELETTES & SATURDAY & SUNDAY BRUNCH,SATURDAY & SUNDAY BRUNCH,
FRIED CHICKEN AND WAFFLES,EGGS & OMELETTES & SATURDAY & SUNDAY BRUNCH,SATURDAY & SUNDAY BRUNCH,
FRIED CHICKEN & WAFFLES BENEDICT,EGGS & OMELETTES & SATURDAY & SUNDAY BRUNCH,SATURDAY & SUNDAY BRUNCH,
GREEN CHILAQUILES WITH CARNITAS AND EGGS,EGGS & OMELETTES & SATURDAY & SUNDAY BRUNCH,SATURDAY & SUNDAY BRUNCH,
MONTE CRISTO SANDWICH,EGGS & OMELETTES & SATURDAY & SUNDAY BRUNCH,SATURDAY & SUNDAY BRUNCH,
JAMBALAYA HASH & EGGS,EGGS & OMELETTES & SATURDAY & SUNDAY BRUNCH,SATURDAY & SUNDAY BRUNCH,
KIDS' BRUNCH,EGGS & OMELETTES & SATURDAY & SUNDAY BRUNCH,SATURDAY & SUNDAY BRUNCH,
GIANT BELGIAN WAFFLE,EGGS & OMELETTES & SATURDAY & SUNDAY BRUNCH,SATURDAY & SUNDAY BRUNCH,
BUTTERMILK PANCAKES,EGGS & OMELETTES & SATURDAY & SUNDAY BRUNCH,SATURDAY & SUNDAY BRUNCH,
CINNAMON ROLL PANCAKES,EGGS & OMELETTES & SATURDAY & SUNDAY BRUNCH,SATURDAY & SUNDAY BRUNCH,
LEMON-RICOTTA PANCAKES,EGGS & OMELETTES & SATURDAY & SUNDAY BRUNCH,SATURDAY & SUNDAY BRUNCH,
KIDS' ROADSIDE SLIDERS,KIDS,KIDS,
KIDS' SOUTHERN FRIED CHICKEN SLIDERS,KIDS,KIDS,
KIDS' MINI CORN DOGS,KIDS,KIDS,
KIDS' FLATBREAD PIZZAS,KIDS,KIDS,
KIDS' PASTA,KIDS,KIDS,
KIDS' SPAGHETTI WITH MEATBALL,KIDS,KIDS,
KIDS' MACARONI AND CHEESE,KIDS,KIDS,
KIDS' FRIED CHICKEN STRIPS,KIDS,KIDS,
KIDS' QUESADILLA,KIDS,KIDS,
KIDS' GRILLED CHEESE SANDWICH,KIDS,KIDS,
KIDS' GRILLED CHICKEN,KIDS,KIDS,
KIDS' GRILLED SALMON,KIDS,KIDS,
KIDS' DESSERTS,KIDS,KIDS,
"CHOCOLATE, VANILLA OR STRAWBERRY MILKSHAKE",BEVERAGES,CREAMY MILKSHAKES,"CHOCOLATE MILKSHAKE, VANILLA MILKSHAKE, STRAWBERRY MILKSHAKE,CHOCOLATE SHAKE, VANILLA SHAKE, STRAWBERRY SHAKE"
OREO MILKSHAKE,BEVERAGES,CREAMY MILKSHAKES,
STRAWBERRY FRUIT SMOOTHIE,BEVERAGES,ICED & FROZEN DRINKS,STRAWBERRY SMOOTHIE
TROPICAL SMOOTHIE,BEVERAGES,ICED & FROZEN DRINKS,
PEACH SMOOTHIE,BEVERAGES,ICED & FROZEN DRINKS,
FROZEN ICED MANGO,BEVERAGES,ICED & FROZEN DRINKS,
CAFÉ LATTE,BEVERAGES,HOT DRINKS & ESPRESSO,
CAFÉ MOCHA,BEVERAGES,HOT DRINKS & ESPRESSO,
CAPPUCCINO,BEVERAGES,HOT DRINKS & ESPRESSO,
DOUBLE ESPRESSO,BEVERAGES,HOT DRINKS & ESPRESSO,
CARAMEL ROYAL MACCHIATO,BEVERAGES,HOT DRINKS & ESPRESSO,
FACTORY HOT CHOCOLATE,BEVERAGES,HOT DRINKS & ESPRESSO,Hot chocolate
FRESHLY BREWED COFFEE,BEVERAGES,OTHER DRINKS,"brewed coffee, hot coffee"
COLD BREW ICED COFFEE,BEVERAGES,OTHER DRINKS,"cold coffee, iced coffee"
CERTIFIED ORGANIC BLACK AND HERB TEAS,BEVERAGES,OTHER DRINKS,"black tea, herb tea"
"FRESHLY BREWED BLACK, GREEN OR TROPICAL ICED TEAS",BEVERAGES,OTHER DRINKS,"black iced tea, iced black tea, green tea, iced green tea, tropical iced tea"
THE CHEESECAKE FACTORY SPECIAL LEMONADE,BEVERAGES,OTHER DRINKS,"special lemonade, lemonade"
FLAVORED LEMONADES,BEVERAGES,OTHER DRINKS,"Strawberry lemonade, Raspberry lemonade, Cucumber lemonade"
SOFT DRINKS,BEVERAGES,OTHER DRINKS,
FIJI NATURAL ARTESIAN WATER,BEVERAGES,OTHER DRINKS,
SAN PELLEGRINO WATER,BEVERAGES,OTHER DRINKS,
FRESH ORANGE JUICE,BEVERAGES,OTHER DRINKS,
APPLE JUICE,BEVERAGES,OTHER DRINKS,
TROPICAL TIKI PUNCH,BEVERAGES,COCKTAILS -SPECIALTY DRINKS,
PINEAPPLE MOSCOW MULE,BEVERAGES,COCKTAILS -SPECIALTY DRINKS,
GEORGIA PEACH,BEVERAGES,COCKTAILS -SPECIALTY DRINKS,
RED RASPBERRY,BEVERAGES,COCKTAILS -SPECIALTY DRINKS,
J.W.'S PINK LEMONADE,BEVERAGES,COCKTAILS -SPECIALTY DRINKS,
FROZEN APEROL SPRITZ,BEVERAGES,COCKTAILS -SPECIALTY DRINKS,
RED SANGRIA,BEVERAGES,COCKTAILS -SPECIALTY DRINKS,
FACTORY PEACH BELLINI,BEVERAGES,COCKTAILS -SPECIALTY DRINKS,
MAI TAI,BEVERAGES,COCKTAILS -SPECIALTY DRINKS,
WHISKY & GINGER,BEVERAGES,COCKTAILS -SPECIALTY DRINKS,
WHISKEY SMASH,BEVERAGES,COCKTAILS -SPECIALTY DRINKS,
GUAVA DAIQUIRI,BEVERAGES,COCKTAILS - MARTINIS & DAIQUIRIS,
LEMON DROP,BEVERAGES,COCKTAILS - MARTINIS & DAIQUIRIS,
PINEAPPLE GINGER DAIQUIRI,BEVERAGES,COCKTAILS - MARTINIS & DAIQUIRIS,
THE WELL - MANNERED DIRTY MARTINI,BEVERAGES,COCKTAILS - MARTINIS & DAIQUIRIS,
CUCUMBER MARTINI,BEVERAGES,COCKTAILS - MARTINIS & DAIQUIRIS,
STRAWBERRY BLOSSOM,BEVERAGES,COCKTAILS - MARTINIS & DAIQUIRIS,
BOURBON & HONEY,BEVERAGES,COCKTAILS - MARTINIS & DAIQUIRIS,
MARGARITA,BEVERAGES,COCKTAILS - MARGARITAS & MOJITOS,
EL DIABLO,BEVERAGES,COCKTAILS - MARGARITAS & MOJITOS,
BLOOD ORANGE MARGARITA,BEVERAGES,COCKTAILS - MARGARITAS & MOJITOS,
PASSION FRUIT MARGARITA,BEVERAGES,COCKTAILS - MARGARITAS & MOJITOS,
MOJITO,BEVERAGES,COCKTAILS - MARGARITAS & MOJITOS,
PINEAPPLE MOJITO,BEVERAGES,COCKTAILS - MARGARITAS & MOJITOS,
PASSION FRUIT MOJITO,BEVERAGES,COCKTAILS - MARGARITAS & MOJITOS,
THE ULTIMATE MARGARITA,BEVERAGES,COCKTAILS - MARGARITAS & MOJITOS,
PASSION MINT FIZZ,BEVERAGES,COCKTAILS - NON ALCOHOLIC SPECIALITIES,
ORANGE COCONUT CREAM SODA,BEVERAGES,COCKTAILS - NON ALCOHOLIC SPECIALITIES,
PINEAPPLE CHERRY LIMEADE,BEVERAGES,COCKTAILS - NON ALCOHOLIC SPECIALITIES,
CITRUS SPARKLER,BEVERAGES,COCKTAILS - NON ALCOHOLIC SPECIALITIES,
TROPICAL GINGER COOLER,BEVERAGES,COCKTAILS - NON ALCOHOLIC SPECIALITIES,
BEER,BEVERAGES,BEER AND WINE,
WINE,BEVERAGES,BEER AND WINE,